Workbook

Sheet Documentation

Sheet laptop_prices
B11: Brand | C11: Processor | D11: RAM (GB) | E11: Storage | F11: GPU | G11: Screen Size (inch) | H11: Resolution | I11: Battery Life (hours) | J11: Weight (kg) | K11: Operating System | L11: Price ($)
B12: Apple | C12: AMD Ryzen 3 | D12: 64 | E12: 512GB SSD | F12: Nvidia GTX 1650 | G12: 17.3 | H12: 2560x1440 | I12: 8.9 | J12: 1.42 | K12: FreeDOS | L12: 3997.07
B13: Razer | C13: AMD Ryzen 7 | D13: 4 | E13: 1TB SSD | F13: Nvidia RTX 3080 | G13: 14 | H13: 1366x768 | I13: 9.4 | J13: 2.57 | K13: Linux | L13: 1355.78
B14: Asus | C14: Intel i5 | D14: 32 | E14: 2TB SSD | F14: Nvidia RTX 3060 | G14: 13.3 | H14: 3840x2160 | I14: 8.5 | J14: 1.74 | K14: FreeDOS | L14: 2673.07
B15: Lenovo | C15: Intel i5 | D15: 4 | E15: 256GB SSD | F15: Nvidia RTX 3080 | G15: 13.3 | H15: 1366x768 | I15: 10.5 | J15: 3.1 | K15: Windows | L15: 751.17
B16: Razer | C16: Intel i3 | D16: 4 | E16: 256GB SSD | F16: AMD Radeon RX 6600 | G16: 16 | H16: 3840x2160 | I16: 5.7 | J16: 3.38 | K16: Linux | L16: 2059.83
B17: Acer | C17: AMD Ryzen 3 | D17: 64 | E17: 2TB SSD | F17: Nvidia RTX 3060 | G17: 14 | H17: 1366x768 | I17: 7.1 | J17: 1.85 | K17: Linux | L17: 1676.64
B18: Dell | C18: Intel i5 | D18: 8 | E18: 1TB SSD | F18: Nvidia RTX 2060 | G18: 15.6 | H18: 2560x1440 | I18: 9.1 | J18: 1.98 | K18: Windows | L18: 1449.05
B19: Microsoft | C19: AMD Ryzen 9 | D19: 8 | E19: 1TB SSD | F19: Nvidia RTX 3080 | G19: 17.3 | H19: 2560x1440 | I19: 9.8 | J19: 1.26 | K19: Linux | L19: 2193.55
B20: Apple | C20: Intel i5 | D20: 64 | E20: 256GB SSD | F20: Nvidia RTX 2060 | G20: 15.6 | H20: 3840x2160 | I20: 11.5 | J20: 1.48 | K20: Linux | L20: 6409.03
B21: HP | C21: AMD Ryzen 5 | D21: 4 | E21: 1TB SSD | F21: AMD Radeon RX 6800 | G21: 14 | H21: 3840x2160 | I21: 7.5 | J21: 2.19 | K21: FreeDOS | L21: 1556.72
B22: Razer | C22: Intel i9 | D22: 8 | E22: 256GB SSD | F22: Nvidia GTX 1650 | G22: 16 | H22: 1366x768 | I22: 6.4 | J22: 2.53 | K22: Windows | L22: 2044.38
B23: Razer | C23: Intel i5 | D23: 32 | E23: 1TB HDD | F23: AMD Radeon RX 6800 | G23: 16 | H23: 1920x1080 | I23: 8.3 | J23: 1.21 | K23: Windows | L23: 2032.69
... B4790: MSI | C4790: AMD Ryzen 9 | D4790: 4 | E4790: 2TB SSD | F4790: Nvidia RTX 2060 | G4790: 16 | H4790: 1920x1080 | I4790: 10 | J4790: 2.64 | K4790: Windows | L4790: 1993.2

Sheet Pivot Table
B3: Average of Price ($) | C3: Brand
B4: RAM | C4: Acer | D4: Apple | E4: Asus | F4: Dell | G4: HP | H4: Lenovo | I4: Microsoft | J4: MSI | K4: Razer | L4: Samsung | M4: AVG price by RAM
B5: 4 | C5: 1249.9634 | D5: 1772.1573 | E5: 1218.5925 | F5: 1202.4629 | G5: 1154.4148 | H5: 1336.3242 | I5: 1252.9374 | J5: 1646.4704 | K5: 1671.9352 | L5: 1296.4232 | M5: 1385.6945
B6: 8 | C6: 1338.267 | D6: 2012.3975 | E6: 1451.1226 | F6: 1374.3766 | G6: 1335.6328 | H6: 1429.5676 | I6: 1414.9355 | J6: 1795.7851 | K6: 1992.7041 | L6: 1364.4582 | M6: 1542.3336
B7: 16 | C7: 1643.1714 | D7: 2379.8925 | E7: 1656.5244 | F7: 1693.9867 | G7: 1694.771 | H7: 1735.3377 | I7: 1639.6767 | J7: 2162.4467 | K7: 2344.3565 | L7: 1736.4039 | M7: 1886.9918
B8: 32 | C8: 2190.432 | D8: 3410.8529 | E8: 2142.1978 | F8: 2277.037 | G8: 2207.8194 | H8: 2248.0573 | I8: 2085.2874 | J8: 2814.6778 | K8: 3189.622 | L8: 2279.5532 | M8: 2474.3982
B9: 64 | C9: 3168.198 | D9: 4615.6553 | E9: 3181.8124 | F9: 3324.749 | G9: 3347.5286 | H9: 3220.9355 | I9: 3337.3814 | J9: 4105.5192 | K9: 4704.9517 | L9: 3287.1258 | M9: 3626.9271
B10: AVG price by RAM | C10: 1902.088 | D10: 2918.3856 | E10: 1900.0738 | F10: 1933.6963 | G10: 1960.1415 | H10: 2008.7378 | I10: 1967.5658 | J10: 2430.399 | K10: 2656.812 | L10: 1977.7907 | M10: 2168.9506

Sheet ScoreCard
E2: Price | F2: RAM | G2: Screen Size | H2: Battery | I2: Weight | J2: Storage GB
D3: MAX: | E3: =MAX(laptop_prices3[Price ($)]) -> 10807.88 | F3: =MAX(laptop_prices3[RAM (GB)]) -> 64 | G3: =MAX(laptop_prices3[Screen Size (inch)]) -> 17.3 | H3: =MAX(laptop_prices3[Battery Life (hours)]) -> 12 | I3: =MAX(laptop_prices3[Weight (kg)]) -> 3.5 | J3: =MAX(laptop_prices3[Storage Raw Value]) -> 2000
D4: Preffered | E4: min | F4: max | G4: max | H4: max | I4: min | J4: max
D5: Weighted: | E5: 5 | F5: 7 | G5: 2 | H5: 7 | I5: 2 | J5: 8 | K5: <------------- | L5: Try it
E8: Rank | F8: Comp Sum | G8: ID # | H8: Brand | I8: Processor | J8: GPU | K8: Price
E9: 1 | F9: =LARGE(laptop_prices3[Comp Total],ScoreCard!E9) -> 50.502278 | G9: =INDEX(laptop_prices3[ID '#],MATCH(F9,laptop_prices3[Comp Total],0)) -> 3708 | H9: =INDEX(laptop_prices3[Brand],MATCH(F9,laptop_prices3[Comp Total],0)) -> Asus | I9: =INDEX(laptop_prices3[Processor],MATCH(F9,laptop_prices3[Comp Total],0)) -> AMD Ryzen 5 | J9: =INDEX(laptop_prices3[GPU],MATCH(F9,laptop_prices3[Comp Total],0)) -> Nvidia RTX 2060 | K9: =INDEX(laptop_prices3[Price ($)],MATCH(F9,laptop_prices3[Comp Total],0)) -> 2217.61
E10: 2 | F10: =LARGE(laptop_prices3[Comp Total],ScoreCard!E10) -> 50.363021 | G10: =INDEX(laptop_prices3[ID '#],MATCH(F10,laptop_prices3[Comp Total],0)) -> 1584 | H10: =INDEX(laptop_prices3[Brand],MATCH(F10,laptop_prices3[Comp Total],0)) -> Apple | I10: =INDEX(laptop_prices3[Processor],MATCH(F10,laptop_prices3[Comp Total],0)) -> Intel i7 | J10: =INDEX(laptop_prices3[GPU],MATCH(F10,laptop_prices3[Comp Total],0)) -> Integrated | K10: =INDEX(laptop_prices3[Price ($)],MATCH(F10,laptop_prices3[Comp Total],0)) -> 3580.22
E11: 3 | F11: =LARGE(laptop_prices3[Comp Total],ScoreCard!E11) -> 50.179524 | G11: =INDEX(laptop_prices3[ID '#],MATCH(F11,laptop_prices3[Comp Total],0)) -> 2875 | H11: =INDEX(laptop_prices3[Brand],MATCH(F11,laptop_prices3[Comp Total],0)) -> HP | I11: =INDEX(laptop_prices3[Processor],MATCH(F11,laptop_prices3[Comp Total],0)) -> Intel i7 | J11: =INDEX(laptop_prices3[GPU],MATCH(F11,laptop_prices3[Comp Total],0)) -> Nvidia RTX 2060 | K11: =INDEX(laptop_prices3[Price ($)],MATCH(F11,laptop_prices3[Comp Total],0)) -> 5327.03
E12: 4 | F12: =LARGE(laptop_prices3[Comp Total],ScoreCard!E12) -> 50.108021 | G12: =INDEX(laptop_prices3[ID '#],MATCH(F12,laptop_prices3[Comp Total],0)) -> 2933 | H12: =INDEX(laptop_prices3[Brand],MATCH(F12,laptop_prices3[Comp Total],0)) -> Apple | I12: =INDEX(laptop_prices3[Processor],MATCH(F12,laptop_prices3[Comp Total],0)) -> Intel i7 | J12: =INDEX(laptop_prices3[GPU],MATCH(F12,laptop_prices3[Comp Total],0)) -> Nvidia RTX 2060 | K12: =INDEX(laptop_prices3[Price ($)],MATCH(F12,laptop_prices3[Comp Total],0)) -> 3590.02
E13: 5 | F13: =LARGE(laptop_prices3[Comp Total],ScoreCard!E13) -> 49.967572 | G13: =INDEX(laptop_prices3[ID '#],MATCH(F13,laptop_prices3[Comp Total],0)) -> 1394 | H13: =INDEX(laptop_prices3[Brand],MATCH(F13,laptop_prices3[Comp Total],0)) -> Apple | I13: =INDEX(laptop_prices3[Processor],MATCH(F13,laptop_prices3[Comp Total],0)) -> AMD Ryzen 9 | J13: =INDEX(laptop_prices3[GPU],MATCH(F13,laptop_prices3[Comp Total],0)) -> Nvidia RTX 3060 | K13: =INDEX(laptop_prices3[Price ($)],MATCH(F13,laptop_prices3[Comp Total],0)) -> 4865.86
E14: 6 | F14: =LARGE(laptop_prices3[Comp Total],ScoreCard!E14) -> 49.855667 | G14: =INDEX(laptop_prices3[ID '#],MATCH(F14,laptop_prices3[Comp Total],0)) -> 1980 | H14: =INDEX(laptop_prices3[Brand],MATCH(F14,laptop_prices3[Comp Total],0)) -> Apple | I14: =INDEX(laptop_prices3[Processor],MATCH(F14,laptop_prices3[Comp Total],0)) -> AMD Ryzen 7 | J14: =INDEX(laptop_prices3[GPU],MATCH(F14,laptop_prices3[Comp Total],0)) -> Nvidia GTX 1650 | K14: =INDEX(laptop_prices3[Price ($)],MATCH(F14,laptop_prices3[Comp Total],0)) -> 4374.84
E15: 7 | F15: =LARGE(laptop_prices3[Comp Total],ScoreCard!E15) -> 49.851378 | G15: =INDEX(laptop_prices3[ID '#],MATCH(F15,laptop_prices3[Comp Total],0)) -> 1974 | H15: =INDEX(laptop_prices3[Brand],MATCH(F15,laptop_prices3[Comp Total],0)) -> Samsung | I15: =INDEX(laptop_prices3[Processor],MATCH(F15,laptop_prices3[Comp Total],0)) -> AMD Ryzen 7 | J15: =INDEX(laptop_prices3[GPU],MATCH(F15,laptop_prices3[Comp Total],0)) -> Nvidia RTX 3080 | K15: =INDEX(laptop_prices3[Price ($)],MATCH(F15,laptop_prices3[Comp Total],0)) -> 5448.95
E16: 8 | F16: =LARGE(laptop_prices3[Comp Total],ScoreCard!E16) -> 49.748706 | G16: =INDEX(laptop_prices3[ID '#],MATCH(F16,laptop_prices3[Comp Total],0)) -> 3179 | H16: =INDEX(laptop_prices3[Brand],MATCH(F16,laptop_prices3[Comp Total],0)) -> Microsoft | I16: =INDEX(laptop_prices3[Processor],MATCH(F16,laptop_prices3[Comp Total],0)) -> Intel i3 | J16: =INDEX(laptop_prices3[GPU],MATCH(F16,laptop_prices3[Comp Total],0)) -> AMD Radeon RX 6800 | K16: =INDEX(laptop_prices3[Price ($)],MATCH(F16,laptop_prices3[Comp Total],0)) -> 2640.27
E17: 9 | F17: =LARGE(laptop_prices3[Comp Total],ScoreCard!E17) -> 49.743497 | G17: =INDEX(laptop_prices3[ID '#],MATCH(F17,laptop_prices3[Comp Total],0)) -> 3510 | H17: =INDEX(laptop_prices3[Brand],MATCH(F17,laptop_prices3[Comp Total],0)) -> Microsoft | I17: =INDEX(laptop_prices3[Processor],MATCH(F17,laptop_prices3[Comp Total],0)) -> AMD Ryzen 9 | J17: =INDEX(laptop_prices3[GPU],MATCH(F17,laptop_prices3[Comp Total],0)) -> AMD Radeon RX 6600 | K17: =INDEX(laptop_prices3[Price ($)],MATCH(F17,laptop_prices3[Comp Total],0)) -> 4012.72
E18: 10 | F18: =LARGE(laptop_prices3[Comp Total],ScoreCard!E18) -> 49.694182 | G18: =INDEX(laptop_prices3[ID '#],MATCH(F18,laptop_prices3[Comp Total],0)) -> 631 | H18: =INDEX(laptop_prices3[Brand],MATCH(F18,laptop_prices3[Comp Total],0)) -> Asus | I18: =INDEX(laptop_prices3[Processor],MATCH(F18,laptop_prices3[Comp Total],0)) -> Intel i9 | J18: =INDEX(laptop_prices3[GPU],MATCH(F18,laptop_prices3[Comp Total],0)) -> Nvidia RTX 3060 | K18: =INDEX(laptop_prices3[Price ($)],MATCH(F18,laptop_prices3[Comp Total],0)) -> 7099.91

Sheet ScoreCardData
B2: Comp Total | C2: ID # | D2: Brand | E2: Processor | F2: RAM (GB) | G2: Storage | H2: GPU | I2: Screen Size (inch) | J2: Resolution | K2: Battery Life (hours) | L2: Weight (kg) | M2: Operating System | N2: Price ($) | O2: Price Comp | P2: RAM Comp | Q2: Screen Size Comp | R2: Battery Comp | S2: Weight Comp | T2: Storage Raw Value | U2: Storage Comp
B3: {=SUM(laptop_prices3[[#This Row],[RAM Comp]:[Weight Comp]]+laptop_prices3[[#This Row],[Storage Comp]])} -> 25.072238 | C3: 1 | D3: Apple | E3: AMD Ryzen 3 | F3: 64 | G3: 512GB SSD | H3: Nvidia GTX 1650 | I3: 17.3 | J3: 2560x1440 | K3: 8.9 | L3: 1.42 | M3: FreeDOS | N3: 3997.07 | O3: =(ScoreCard!$E$3-laptop_prices3[[#This Row],[Price ($)]])/ScoreCard!$E$3*ScoreCard!$E$5 -> 3.1508538 | P3: =laptop_prices3[[#This Row],[RAM (GB)]]/ScoreCard!$F$3*ScoreCard!$F$5 -> 7 | Q3: =laptop_prices3[[#This Row],[Screen Size (inch)]]/ScoreCard!$G$3*ScoreCard!$G$5 -> 2 | R3: =laptop_prices3[[#This Row],[Battery Life (hours)]]/ScoreCard!$H$3*ScoreCard!$H$5 -> 5.1916667 | S3: =ScoreCard!$I$3-laptop_prices3[[#This Row],[Weight (kg)]]/ScoreCard!$I$3*ScoreCard!$I$5 -> 2.6885714 | T3: {=_xlfn.IFS(laptop_prices3[[#This Row],[Storage]]="512GB SSD", 512, laptop_prices3[[#This Row],[Storage]] = "1TB SSD", 1000, laptop_prices3[[#This Row],[Storage]] = "2TB SSD", 2000, laptop_prices3[[#This Row],[Storage]]= "256GB SSD", 256, laptop_prices3[[#This Row],[Storage]] = "1TB HDD", 1000*0.7)} -> 512 | U3: =laptop_prices3[[#This Row],[Storage Raw Value]]/ScoreCard!$J$3*ScoreCard!$J$5 -> 2.048
B4: {=SUM(laptop_prices3[[#This Row],[RAM Comp]:[Weight Comp]]+laptop_prices3[[#This Row],[Storage Comp]])} -> 25.570759 | C4: 2 | D4: Razer | E4: AMD Ryzen 7 | F4: 4 | G4: 1TB SSD | H4: Nvidia RTX 3080 | I4: 14 | J4: 1366x768 | K4: 9.4 | L4: 2.57 | M4: Linux | N4: 1355.78 | O4: =(ScoreCard!$E$3-laptop_prices3[[#This Row],[Price ($)]])/ScoreCard!$E$3*ScoreCard!$E$5 -> 4.3727817 | P4: =laptop_prices3[[#This Row],[RAM (GB)]]/ScoreCard!$F$3*ScoreCard!$F$5 -> 0.4375 | Q4: =laptop_prices3[[#This Row],[Screen Size (inch)]]/ScoreCard!$G$3*ScoreCard!$G$5 -> 1.6184971 | R4: =laptop_prices3[[#This Row],[Battery Life (hours)]]/ScoreCard!$H$3*ScoreCard!$H$5 -> 5.4833333 | S4: =ScoreCard!$I$3-laptop_prices3[[#This Row],[Weight (kg)]]/ScoreCard!$I$3*ScoreCard!$I$5 -> 2.0314286 | T4: {=_xlfn.IFS(laptop_prices3[[#This Row],[Storage]]="512GB SSD", 512, laptop_prices3[[#This Row],[Storage]] = "1TB SSD", 1000, laptop_prices3[[#This Row],[Storage]] = "2TB SSD", 2000, laptop_prices3[[#This Row],[Storage]]= "256GB SSD", 256, laptop_prices3[[#This Row],[Storage]] = "1TB HDD", 1000*0.7)} -> 1000 | U4: =laptop_prices3[[#This Row],[Storage Raw Value]]/ScoreCard!$J$3*ScoreCard!$J$5 -> 4
B5: {=SUM(laptop_prices3[[#This Row],[RAM Comp]:[Weight Comp]]+laptop_prices3[[#This Row],[Storage Comp]])} -> 44.50162 | C5: 3 | D5: Asus | E5: Intel i5 | F5: 32 | G5: 2TB SSD | H5: Nvidia RTX 3060 | I5: 13.3 | J5: 3840x2160 | K5: 8.5 | L5: 1.74 | M5: FreeDOS | N5: 2673.07 | O5: =(ScoreCard!$E$3-laptop_prices3[[#This Row],[Price ($)]])/ScoreCard!$E$3*ScoreCard!$E$5 -> 3.7633699 | P5: =laptop_prices3[[#This Row],[RAM (GB)]]/ScoreCard!$F$3*ScoreCard!$F$5 -> 3.5 | Q5: =laptop_prices3[[#This Row],[Screen Size (inch)]]/ScoreCard!$G$3*ScoreCard!$G$5 -> 1.5375723 | R5: =laptop_prices3[[#This Row],[Battery Life (hours)]]/ScoreCard!$H$3*ScoreCard!$H$5 -> 4.9583333 | S5: =ScoreCard!$I$3-laptop_prices3[[#This Row],[Weight (kg)]]/ScoreCard!$I$3*ScoreCard!$I$5 -> 2.5057143 | T5: {=_xlfn.IFS(laptop_prices3[[#This Row],[Storage]]="512GB SSD", 512, laptop_prices3[[#This Row],[Storage]] = "1TB SSD", 1000, laptop_prices3[[#This Row],[Storage]] = "2TB SSD", 2000, laptop_prices3[[#This Row],[Storage]]= "256GB SSD", 256, laptop_prices3[[#This Row],[Storage]] = "1TB HDD", 1000*0.7)} -> 2000 | U5: =laptop_prices3[[#This Row],[Storage Raw Value]]/ScoreCard!$J$3*ScoreCard!$J$5 -> 8
B6: {=SUM(laptop_prices3[[#This Row],[RAM Comp]:[Weight Comp]]+laptop_prices3[[#This Row],[Storage Comp]])} -> 13.924644 | C6: 4 | D6: Lenovo | E6: Intel i5 | F6: 4 | G6: 256GB SSD | H6: Nvidia RTX 3080 | I6: 13.3 | J6: 1366x768 | K6: 10.5 | L6: 3.1 | M6: Windows | N6: 751.17 | O6: =(ScoreCard!$E$3-laptop_prices3[[#This Row],[Price ($)]])/ScoreCard!$E$3*ScoreCard!$E$5 -> 4.6524897 | P6: =laptop_prices3[[#This Row],[RAM (GB)]]/ScoreCard!$F$3*ScoreCard!$F$5 -> 0.4375 | Q6: =laptop_prices3[[#This Row],[Screen Size (inch)]]/ScoreCard!$G$3*ScoreCard!$G$5 -> 1.5375723 | R6: =laptop_prices3[[#This Row],[Battery Life (hours)]]/ScoreCard!$H$3*ScoreCard!$H$5 -> 6.125 | S6: =ScoreCard!$I$3-laptop_prices3[[#This Row],[Weight (kg)]]/ScoreCard!$I$3*ScoreCard!$I$5 -> 1.7285714 | T6: {=_xlfn.IFS(laptop_prices3[[#This Row],[Storage]]="512GB SSD", 512, laptop_prices3[[#This Row],[Storage]] = "1TB SSD", 1000, laptop_prices3[[#This Row],[Storage]] = "2TB SSD", 2000, laptop_prices3[[#This Row],[Storage]]= "256GB SSD", 256, laptop_prices3[[#This Row],[Storage]] = "1TB HDD", 1000*0.7)} -> 256 | U6: =laptop_prices3[[#This Row],[Storage Raw Value]]/ScoreCard!$J$3*ScoreCard!$J$5 -> 1.024
B7: {=SUM(laptop_prices3[[#This Row],[RAM Comp]:[Weight Comp]]+laptop_prices3[[#This Row],[Storage Comp]])} -> 11.276782 | C7: 5 | D7: Razer | E7: Intel i3 | F7: 4 | G7: 256GB SSD | H7: AMD Radeon RX 6600 | I7: 16 | J7: 3840x2160 | K7: 5.7 | L7: 3.38 | M7: Linux | N7: 2059.83 | O7: =(ScoreCard!$E$3-laptop_prices3[[#This Row],[Price ($)]])/ScoreCard!$E$3*ScoreCard!$E$5 -> 4.0470703 | P7: =laptop_prices3[[#This Row],[RAM (GB)]]/ScoreCard!$F$3*ScoreCard!$F$5 -> 0.4375 | Q7: =laptop_prices3[[#This Row],[Screen Size (inch)]]/ScoreCard!$G$3*ScoreCard!$G$5 -> 1.849711 | R7: =laptop_prices3[[#This Row],[Battery Life (hours)]]/ScoreCard!$H$3*ScoreCard!$H$5 -> 3.325 | S7: =ScoreCard!$I$3-laptop_prices3[[#This Row],[Weight (kg)]]/ScoreCard!$I$3*ScoreCard!$I$5 -> 1.5685714 | T7: {=_xlfn.IFS(laptop_prices3[[#This Row],[Storage]]="512GB SSD", 512, laptop_prices3[[#This Row],[Storage]] = "1TB SSD", 1000, laptop_prices3[[#This Row],[Storage]] = "2TB SSD", 2000, laptop_prices3[[#This Row],[Storage]]= "256GB SSD", 256, laptop_prices3[[#This Row],[Storage]] = "1TB HDD", 1000*0.7)} -> 256 | U7: =laptop_prices3[[#This Row],[Storage Raw Value]]/ScoreCard!$J$3*ScoreCard!$J$5 -> 1.024
B8: {=SUM(laptop_prices3[[#This Row],[RAM Comp]:[Weight Comp]]+laptop_prices3[[#This Row],[Storage Comp]])} -> 47.203021 | C8: 6 | D8: Acer | E8: AMD Ryzen 3 | F8: 64 | G8: 2TB SSD | H8: Nvidia RTX 3060 | I8: 14 | J8: 1366x768 | K8: 7.1 | L8: 1.85 | M8: Linux | N8: 1676.64 | O8: =(ScoreCard!$E$3-laptop_prices3[[#This Row],[Price ($)]])/ScoreCard!$E$3*ScoreCard!$E$5 -> 4.2243437 | P8: =laptop_prices3[[#This Row],[RAM (GB)]]/ScoreCard!$F$3*ScoreCard!$F$5 -> 7 | Q8: =laptop_prices3[[#This Row],[Screen Size (inch)]]/ScoreCard!$G$3*ScoreCard!$G$5 -> 1.6184971 | R8: =laptop_prices3[[#This Row],[Battery Life (hours)]]/ScoreCard!$H$3*ScoreCard!$H$5 -> 4.1416667 | S8: =ScoreCard!$I$3-laptop_prices3[[#This Row],[Weight (kg)]]/ScoreCard!$I$3*ScoreCard!$I$5 -> 2.4428571 | T8: {=_xlfn.IFS(laptop_prices3[[#This Row],[Storage]]="512GB SSD", 512, laptop_prices3[[#This Row],[Storage]] = "1TB SSD", 1000, laptop_prices3[[#This Row],[Storage]] = "2TB SSD", 2000, laptop_prices3[[#This Row],[Storage]]= "256GB SSD", 256, laptop_prices3[[#This Row],[Storage]] = "1TB HDD", 1000*0.7)} -> 2000 | U8: =laptop_prices3[[#This Row],[Storage Raw Value]]/ScoreCard!$J$3*ScoreCard!$J$5 -> 8
B9: {=SUM(laptop_prices3[[#This Row],[RAM Comp]:[Weight Comp]]+laptop_prices3[[#This Row],[Storage Comp]])} -> 26.355373 | C9: 7 | D9: Dell | E9: Intel i5 | F9: 8 | G9: 1TB SSD | H9: Nvidia RTX 2060 | I9: 15.6 | J9: 2560x1440 | K9: 9.1 | L9: 1.98 | M9: Windows | N9: 1449.05 | O9: =(ScoreCard!$E$3-laptop_prices3[[#This Row],[Price ($)]])/ScoreCard!$E$3*ScoreCard!$E$5 -> 4.3296326 | P9: =laptop_prices3[[#This Row],[RAM (GB)]]/ScoreCard!$F$3*ScoreCard!$F$5 -> 0.875 | Q9: =laptop_prices3[[#This Row],[Screen Size (inch)]]/ScoreCard!$G$3*ScoreCard!$G$5 -> 1.8034682 | R9: =laptop_prices3[[#This Row],[Battery Life (hours)]]/ScoreCard!$H$3*ScoreCard!$H$5 -> 5.3083333 | S9: =ScoreCard!$I$3-laptop_prices3[[#This Row],[Weight (kg)]]/ScoreCard!$I$3*ScoreCard!$I$5 -> 2.3685714 | T9: {=_xlfn.IFS(laptop_prices3[[#This Row],[Storage]]="512GB SSD", 512, laptop_prices3[[#This Row],[Storage]] = "1TB SSD", 1000, laptop_prices3[[#This Row],[Storage]] = "2TB SSD", 2000, laptop_prices3[[#This Row],[Storage]]= "256GB SSD", 256, laptop_prices3[[#This Row],[Storage]] = "1TB HDD", 1000*0.7)} -> 1000 | U9: =laptop_prices3[[#This Row],[Storage Raw Value]]/ScoreCard!$J$3*ScoreCard!$J$5 -> 4
B10: {=SUM(laptop_prices3[[#This Row],[RAM Comp]:[Weight Comp]]+laptop_prices3[[#This Row],[Storage Comp]])} -> 27.371667 | C10: 8 | D10: Microsoft | E10: AMD Ryzen 9 | F10: 8 | G10: 1TB SSD | H10: Nvidia RTX 3080 | I10: 17.3 | J10: 2560x1440 | K10: 9.8 | L10: 1.26 | M10: Linux | N10: 2193.55 | O10: =(ScoreCard!$E$3-laptop_prices3[[#This Row],[Price ($)]])/ScoreCard!$E$3*ScoreCard!$E$5 -> 3.985208 | P10: =laptop_prices3[[#This Row],[RAM (GB)]]/ScoreCard!$F$3*ScoreCard!$F$5 -> 0.875 | Q10: =laptop_prices3[[#This Row],[Screen Size (inch)]]/ScoreCard!$G$3*ScoreCard!$G$5 -> 2 | R10: =laptop_prices3[[#This Row],[Battery Life (hours)]]/ScoreCard!$H$3*ScoreCard!$H$5 -> 5.7166667 | S10: =ScoreCard!$I$3-laptop_prices3[[#This Row],[Weight (kg)]]/ScoreCard!$I$3*ScoreCard!$I$5 -> 2.78 | T10: {=_xlfn.IFS(laptop_prices3[[#This Row],[Storage]]="512GB SSD", 512, laptop_prices3[[#This Row],[Storage]] = "1TB SSD", 1000, laptop_prices3[[#This Row],[Storage]] = "2TB SSD", 2000, laptop_prices3[[#This Row],[Storage]]= "256GB SSD", 256, laptop_prices3[[#This Row],[Storage]] = "1TB HDD", 1000*0.7)} -> 1000 | U10: =laptop_prices3[[#This Row],[Storage Raw Value]]/ScoreCard!$J$3*ScoreCard!$J$5 -> 4
B11: {=SUM(laptop_prices3[[#This Row],[RAM Comp]:[Weight Comp]]+laptop_prices3[[#This Row],[Storage Comp]])} -> 22.262087 | C11: 9 | D11: Apple | E11: Intel i5 | F11: 64 | G11: 256GB SSD | H11: Nvidia RTX 2060 | I11: 15.6 | J11: 3840x2160 | K11: 11.5 | L11: 1.48 | M11: Linux | N11: 6409.03 | O11: =(ScoreCard!$E$3-laptop_prices3[[#This Row],[Price ($)]])/ScoreCard!$E$3*ScoreCard!$E$5 -> 2.0350198 | P11: =laptop_prices3[[#This Row],[RAM (GB)]]/ScoreCard!$F$3*ScoreCard!$F$5 -> 7 | Q11: =laptop_prices3[[#This Row],[Screen Size (inch)]]/ScoreCard!$G$3*ScoreCard!$G$5 -> 1.8034682 | R11: =laptop_prices3[[#This Row],[Battery Life (hours)]]/ScoreCard!$H$3*ScoreCard!$H$5 -> 6.7083333 | S11: =ScoreCard!$I$3-laptop_prices3[[#This Row],[Weight (kg)]]/ScoreCard!$I$3*ScoreCard!$I$5 -> 2.6542857 | T11: {=_xlfn.IFS(laptop_prices3[[#This Row],[Storage]]="512GB SSD", 512, laptop_prices3[[#This Row],[Storage]] = "1TB SSD", 1000, laptop_prices3[[#This Row],[Storage]] = "2TB SSD", 2000, laptop_prices3[[#This Row],[Storage]]= "256GB SSD", 256, laptop_prices3[[#This Row],[Storage]] = "1TB HDD", 1000*0.7)} -> 256 | U11: =laptop_prices3[[#This Row],[Storage Raw Value]]/ScoreCard!$J$3*ScoreCard!$J$5 -> 1.024
B12: {=SUM(laptop_prices3[[#This Row],[RAM Comp]:[Weight Comp]]+laptop_prices3[[#This Row],[Storage Comp]])} -> 24.679569 | C12: 10 | D12: HP | E12: AMD Ryzen 5 | F12: 4 | G12: 1TB SSD | H12: AMD Radeon RX 6800 | I12: 14 | J12: 3840x2160 | K12: 7.5 | L12: 2.19 | M12: FreeDOS | N12: 1556.72 | O12: =(ScoreCard!$E$3-laptop_prices3[[#This Row],[Price ($)]])/ScoreCard!$E$3*ScoreCard!$E$5 -> 4.2798218 | P12: =laptop_prices3[[#This Row],[RAM (GB)]]/ScoreCard!$F$3*ScoreCard!$F$5 -> 0.4375 | Q12: =laptop_prices3[[#This Row],[Screen Size (inch)]]/ScoreCard!$G$3*ScoreCard!$G$5 -> 1.6184971 | R12: =laptop_prices3[[#This Row],[Battery Life (hours)]]/ScoreCard!$H$3*ScoreCard!$H$5 -> 4.375 | S12: =ScoreCard!$I$3-laptop_prices3[[#This Row],[Weight (kg)]]/ScoreCard!$I$3*ScoreCard!$I$5 -> 2.2485714 | T12: {=_xlfn.IFS(laptop_prices3[[#This Row],[Storage]]="512GB SSD", 512, laptop_prices3[[#This Row],[Storage]] = "1TB SSD", 1000, laptop_prices3[[#This Row],[Storage]] = "2TB SSD", 2000, laptop_prices3[[#This Row],[Storage]]= "256GB SSD", 256, laptop_prices3[[#This Row],[Storage]] = "1TB HDD", 1000*0.7)} -> 1000 | U12: =laptop_prices3[[#This Row],[Storage Raw Value]]/ScoreCard!$J$3*ScoreCard!$J$5 -> 4
B13: {=SUM(laptop_prices3[[#This Row],[RAM Comp]:[Weight Comp]]+laptop_prices3[[#This Row],[Storage Comp]])} -> 12.60833 | C13: 11 | D13: Razer | E13: Intel i9 | F13: 8 | G13: 256GB SSD | H13: Nvidia GTX 1650 | I13: 16 | J13: 1366x768 | K13: 6.4 | L13: 2.53 | M13: Windows | N13: 2044.38 | O13: =(ScoreCard!$E$3-laptop_prices3[[#This Row],[Price ($)]])/ScoreCard!$E$3*ScoreCard!$E$5 -> 4.0542178 | P13: =laptop_prices3[[#This Row],[RAM (GB)]]/ScoreCard!$F$3*ScoreCard!$F$5 -> 0.875 | Q13: =laptop_prices3[[#This Row],[Screen Size (inch)]]/ScoreCard!$G$3*ScoreCard!$G$5 -> 1.849711 | R13: =laptop_prices3[[#This Row],[Battery Life (hours)]]/ScoreCard!$H$3*ScoreCard!$H$5 -> 3.7333333 | S13: =ScoreCard!$I$3-laptop_prices3[[#This Row],[Weight (kg)]]/ScoreCard!$I$3*ScoreCard!$I$5 -> 2.0542857 | T13: {=_xlfn.IFS(laptop_prices3[[#This Row],[Storage]]="512GB SSD", 512, laptop_prices3[[#This Row],[Storage]] = "1TB SSD", 1000, laptop_prices3[[#This Row],[Storage]] = "2TB SSD", 2000, laptop_prices3[[#This Row],[Storage]]= "256GB SSD", 256, laptop_prices3[[#This Row],[Storage]] = "1TB HDD", 1000*0.7)} -> 256 | U13: =laptop_prices3[[#This Row],[Storage Raw Value]]/ScoreCard!$J$3*ScoreCard!$J$5 -> 1.024
B14: {=SUM(laptop_prices3[[#This Row],[RAM Comp]:[Weight Comp]]+laptop_prices3[[#This Row],[Storage Comp]])} -> 24.199949 | C14: 12 | D14: Razer | E14: Intel i5 | F14: 32 | G14: 1TB HDD | H14: AMD Radeon RX 6800 | I14: 16 | J14: 1920x1080 | K14: 8.3 | L14: 1.21 | M14: Windows | N14: 2032.69 | O14: =(ScoreCard!$E$3-laptop_prices3[[#This Row],[Price ($)]])/ScoreCard!$E$3*ScoreCard!$E$5 -> 4.0596259 | P14: =laptop_prices3[[#This Row],[RAM (GB)]]/ScoreCard!$F$3*ScoreCard!$F$5 -> 3.5 | Q14: =laptop_prices3[[#This Row],[Screen Size (inch)]]/ScoreCard!$G$3*ScoreCard!$G$5 -> 1.849711 | R14: =laptop_prices3[[#This Row],[Battery Life (hours)]]/ScoreCard!$H$3*ScoreCard!$H$5 -> 4.8416667 | S14: =ScoreCard!$I$3-laptop_prices3[[#This Row],[Weight (kg)]]/ScoreCard!$I$3*ScoreCard!$I$5 -> 2.8085714 | T14: {=_xlfn.IFS(laptop_prices3[[#This Row],[Storage]]="512GB SSD", 512, laptop_prices3[[#This Row],[Storage]] = "1TB SSD", 1000, laptop_prices3[[#This Row],[Storage]] = "2TB SSD", 2000, laptop_prices3[[#This Row],[Storage]]= "256GB SSD", 256, laptop_prices3[[#This Row],[Storage]] = "1TB HDD", 1000*0.7)} -> 700 | U14: =laptop_prices3[[#This Row],[Storage Raw Value]]/ScoreCard!$J$3*ScoreCard!$J$5 -> 2.8
... B4781: {=SUM(laptop_prices3[[#This Row],[RAM Comp]:[Weight Comp]]+laptop_prices3[[#This Row],[Storage Comp]])} -> 42.111973 | C4781: 4779 | D4781: MSI | E4781: AMD Ryzen 9 | F4781: 4 | G4781: 2TB SSD | H4781: Nvidia RTX 2060 | I4781: 16 | J4781: 1920x1080 | K4781: 10 | L4781: 2.64 | M4781: Windows | N4781: 1993.2 | O4781: =(ScoreCard!$E$3-laptop_prices3[[#This Row],[Price ($)]])/ScoreCard!$E$3*ScoreCard!$E$5 -> 4.077895 | P4781: =laptop_prices3[[#This Row],[RAM (GB)]]/ScoreCard!$F$3*ScoreCard!$F$5 -> 0.4375 | Q4781: =laptop_prices3[[#This Row],[Screen Size (inch)]]/ScoreCard!$G$3*ScoreCard!$G$5 -> 1.849711 | R4781: =laptop_prices3[[#This Row],[Battery Life (hours)]]/ScoreCard!$H$3*ScoreCard!$H$5 -> 5.8333333 | S4781: =ScoreCard!$I$3-laptop_prices3[[#This Row],[Weight (kg)]]/ScoreCard!$I$3*ScoreCard!$I$5 -> 1.9914286 | T4781: {=_xlfn.IFS(laptop_prices3[[#This Row],[Storage]]="512GB SSD", 512, laptop_prices3[[#This Row],[Storage]] = "1TB SSD", 1000, laptop_prices3[[#This Row],[Storage]] = "2TB SSD", 2000, laptop_prices3[[#This Row],[Storage]]= "256GB SSD", 256, laptop_prices3[[#This Row],[Storage]] = "1TB HDD", 1000*0.7)} -> 2000 | U4781: =laptop_prices3[[#This Row],[Storage Raw Value]]/ScoreCard!$J$3*ScoreCard!$J$5 -> 8
